Workbook

Sheet Sheet1
D3: Values
A4: CD | B4: nstrata | C4: SPA | D4: Count of Tract | E4: Max of SelectionProb_SPA | F4: Max of SelectionProb_addCD | G4: CD | H4: nstrata | I4: SPA | J4: Key | K4: Sel Prob
A5: 0 | B5: CVCTE | C5: 1 | D5: 20 | E5: 0.55 | F5: 0 | G5: =IF(A5="",G4,A5) -> 0 | H5: =IF(B5="",H4,B5) -> CVCTE | I5: =C5 -> 1 | J5: =CONCATENATE(G5,H5,I5) -> 0CVCTE1 | K5: =F5 -> 0
C6: 2 | D6: 14 | E6: 0.17910448 | F6: 0 | G6: =IF(A6="",G5,A6) -> 0 | H6: =IF(B6="",H5,B6) -> CVCTE | I6: =C6 -> 2 | J6: =CONCATENATE(G6,H6,I6) -> 0CVCTE2 | K6: =F6 -> 0
C7: 3 | D7: 102 | E7: 0.41176471 | F7: 0 | G7: =IF(A7="",G6,A7) -> 0 | H7: =IF(B7="",H6,B7) -> CVCTE | I7: =C7 -> 3 | J7: =CONCATENATE(G7,H7,I7) -> 0CVCTE3 | K7: =F7 -> 0
C8: 5 | D8: 10 | E8: 0.35 | F8: 0 | G8: =IF(A8="",G7,A8) -> 0 | H8: =IF(B8="",H7,B8) -> CVCTE | I8: =C8 -> 5 | J8: =CONCATENATE(G8,H8,I8) -> 0CVCTE5 | K8: =F8 -> 0
C9: 6 | D9: 12 | E9: 0.16393443 | F9: 0 | G9: =IF(A9="",G8,A9) -> 0 | H9: =IF(B9="",H8,B9) -> CVCTE | I9: =C9 -> 6 | J9: =CONCATENATE(G9,H9,I9) -> 0CVCTE6 | K9: =F9 -> 0
C10: 7 | D10: 96 | E10: 0.23958333 | F10: 0 | G10: =IF(A10="",G9,A10) -> 0 | H10: =IF(B10="",H9,B10) -> CVCTE | I10: =C10 -> 7 | J10: =CONCATENATE(G10,H10,I10) -> 0CVCTE7 | K10: =F10 -> 0
C11: 8 | D11: 50 | E11: 0.27272727 | F11: 0 | G11: =IF(A11="",G10,A11) -> 0 | H11: =IF(B11="",H10,B11) -> CVCTE | I11: =C11 -> 8 | J11: =CONCATENATE(G11,H11,I11) -> 0CVCTE8 | K11: =F11 -> 0
B12: FAMILY | C12: 1 | D12: 9 | E12: 1 | F12: 0 | G12: =IF(A12="",G11,A12) -> 0 | H12: =IF(B12="",H11,B12) -> FAMILY | I12: =C12 -> 1 | J12: =CONCATENATE(G12,H12,I12) -> 0FAMILY1 | K12: =F12 -> 0
C13: 3 | D13: 6 | E13: 1 | F13: 0 | G13: =IF(A13="",G12,A13) -> 0 | H13: =IF(B13="",H12,B13) -> FAMILY | I13: =C13 -> 3 | J13: =CONCATENATE(G13,H13,I13) -> 0FAMILY3 | K13: =F13 -> 0
C14: 5 | D14: 2 | E14: 1 | F14: 0 | G14: =IF(A14="",G13,A14) -> 0 | H14: =IF(B14="",H13,B14) -> FAMILY | I14: =C14 -> 5 | J14: =CONCATENATE(G14,H14,I14) -> 0FAMILY5 | K14: =F14 -> 0
C15: 6 | D15: 1 | E15: 1 | F15: 0 | G15: =IF(A15="",G14,A15) -> 0 | H15: =IF(B15="",H14,B15) -> FAMILY | I15: =C15 -> 6 | J15: =CONCATENATE(G15,H15,I15) -> 0FAMILY6 | K15: =F15 -> 0
C16: 7 | D16: 5 | E16: 1 | F16: 0 | G16: =IF(A16="",G15,A16) -> 0 | H16: =IF(B16="",H15,B16) -> FAMILY | I16: =C16 -> 7 | J16: =CONCATENATE(G16,H16,I16) -> 0FAMILY7 | K16: =F16 -> 0
C17: 8 | D17: 4 | E17: 1 | F17: 0 | G17: =IF(A17="",G16,A17) -> 0 | H17: =IF(B17="",H16,B17) -> FAMILY | I17: =C17 -> 8 | J17: =CONCATENATE(G17,H17,I17) -> 0FAMILY8 | K17: =F17 -> 0
B18: INDIV | C18: 1 | D18: 5 | E18: 0.2 | F18: 0 | G18: =IF(A18="",G17,A18) -> 0 | H18: =IF(B18="",H17,B18) -> INDIV | I18: =C18 -> 1 | J18: =CONCATENATE(G18,H18,I18) -> 0INDIV1 | K18: =F18 -> 0
C19: 2 | D19: 17 | E19: 0.048387097 | F19: 0 | G19: =IF(A19="",G18,A19) -> 0 | H19: =IF(B19="",H18,B19) -> INDIV | I19: =C19 -> 2 | J19: =CONCATENATE(G19,H19,I19) -> 0INDIV2 | K19: =F19 -> 0
C20: 3 | D20: 56 | E20: 0.089285714 | F20: 0 | G20: =IF(A20="",G19,A20) -> 0 | H20: =IF(B20="",H19,B20) -> INDIV | I20: =C20 -> 3 | J20: =CONCATENATE(G20,H20,I20) -> 0INDIV3 | K20: =F20 -> 0
C21: 4 | D21: 7 | E21: 0.085106383 | F21: 0 | G21: =IF(A21="",G20,A21) -> 0 | H21: =IF(B21="",H20,B21) -> INDIV | I21: =C21 -> 4 | J21: =CONCATENATE(G21,H21,I21) -> 0INDIV4 | K21: =F21 -> 0
C22: 5 | D22: 7 | E22: 0.076923077 | F22: 0 | G22: =IF(A22="",G21,A22) -> 0 | H22: =IF(B22="",H21,B22) -> INDIV | I22: =C22 -> 5 | J22: =CONCATENATE(G22,H22,I22) -> 0INDIV5 | K22: =F22 -> 0
C23: 6 | D23: 9 | E23: 0.032258065 | F23: 0 | G23: =IF(A23="",G22,A23) -> 0 | H23: =IF(B23="",H22,B23) -> INDIV | I23: =C23 -> 6 | J23: =CONCATENATE(G23,H23,I23) -> 0INDIV6 | K23: =F23 -> 0
C24: 7 | D24: 55 | E24: 0.090909091 | F24: 0 | G24: =IF(A24="",G23,A24) -> 0 | H24: =IF(B24="",H23,B24) -> INDIV | I24: =C24 -> 7 | J24: =CONCATENATE(G24,H24,I24) -> 0INDIV7 | K24: =F24 -> 0
C25: 8 | D25: 39 | E25: 0.068181818 | F25: 0 | G25: =IF(A25="",G24,A25) -> 0 | H25: =IF(B25="",H24,B25) -> INDIV | I25: =C25 -> 8 | J25: =CONCATENATE(G25,H25,I25) -> 0INDIV8 | K25: =F25 -> 0
B26: NON-HS | C26: 1 | D26: 50 | E26: 0.02 | F26: 0 | G26: =IF(A26="",G25,A26) -> 0 | H26: =IF(B26="",H25,B26) -> NON-HS | I26: =C26 -> 1 | J26: =CONCATENATE(G26,H26,I26) -> 0NON-HS1 | K26: =F26 -> 0
C27: 2 | D27: 83 | E27: 0.022140221 | F27: 0 | G27: =IF(A27="",G26,A27) -> 0 | H27: =IF(B27="",H26,B27) -> NON-HS | I27: =C27 -> 2 | J27: =CONCATENATE(G27,H27,I27) -> 0NON-HS2 | K27: =F27 -> 0
C28: 3 | D28: 194 | E28: 0.030927835 | F28: 0 | G28: =IF(A28="",G27,A28) -> 0 | H28: =IF(B28="",H27,B28) -> NON-HS | I28: =C28 -> 3 | J28: =CONCATENATE(G28,H28,I28) -> 0NON-HS3 | K28: =F28 -> 0
C29: 4 | D29: 1 | E29: 0.026315789 | F29: 0 | G29: =IF(A29="",G28,A29) -> 0 | H29: =IF(B29="",H28,B29) -> NON-HS | I29: =C29 -> 4 | J29: =CONCATENATE(G29,H29,I29) -> 0NON-HS4 | K29: =F29 -> 0
C30: 5 | D30: 23 | E30: 0.032258065 | F30: 0 | G30: =IF(A30="",G29,A30) -> 0 | H30: =IF(B30="",H29,B30) -> NON-HS | I30: =C30 -> 5 | J30: =CONCATENATE(G30,H30,I30) -> 0NON-HS5 | K30: =F30 -> 0
C31: 6 | D31: 48 | E31: 0.0234375 | F31: 0 | G31: =IF(A31="",G30,A31) -> 0 | H31: =IF(B31="",H30,B31) -> NON-HS | I31: =C31 -> 6 | J31: =CONCATENATE(G31,H31,I31) -> 0NON-HS6 | K31: =F31 -> 0
C32: 7 | D32: 132 | E32: 0.045454545 | F32: 0 | G32: =IF(A32="",G31,A32) -> 0 | H32: =IF(B32="",H31,B32) -> NON-HS | I32: =C32 -> 7 | J32: =CONCATENATE(G32,H32,I32) -> 0NON-HS7 | K32: =F32 -> 0
C33: 8 | D33: 99 | E33: 0.033333333 | F33: 0 | G33: =IF(A33="",G32,A33) -> 0 | H33: =IF(B33="",H32,B33) -> NON-HS | I33: =C33 -> 8 | J33: =CONCATENATE(G33,H33,I33) -> 0NON-HS8 | K33: =F33 -> 0
A34: 1 | B34: CVCTE | C34: 4 | D34: 25 | E34: 0.16438356 | F34: 0.30434783 | G34: =IF(A34="",G33,A34) -> 1 | H34: =IF(B34="",H33,B34) -> CVCTE | I34: =C34 -> 4 | J34: =CONCATENATE(G34,H34,I34) -> 1CVCTE4 | K34: =F34 -> 0.30434783
B35: FAMILY | C35: 4 | D35: 3 | E35: 1 | F35: 0 | G35: =IF(A35="",G34,A35) -> 1 | H35: =IF(B35="",H34,B35) -> FAMILY | I35: =C35 -> 4 | J35: =CONCATENATE(G35,H35,I35) -> 1FAMILY4 | K35: =F35 -> 0
B36: INDIV | C36: 4 | D36: 9 | E36: 0.085106383 | F36: 0 | G36: =IF(A36="",G35,A36) -> 1 | H36: =IF(B36="",H35,B36) -> INDIV | I36: =C36 -> 4 | J36: =CONCATENATE(G36,H36,I36) -> 1INDIV4 | K36: =F36 -> 0
C37: 6 | D37: 1 | E37: 0.032258065 | F37: 0 | G37: =IF(A37="",G36,A37) -> 1 | H37: =IF(B37="",H36,B37) -> INDIV | I37: =C37 -> 6 | J37: =CONCATENATE(G37,H37,I37) -> 1INDIV6 | K37: =F37 -> 0
B38: NON-HS | C38: 4 | D38: 30 | E38: 0.026315789 | F38: 0.1 | G38: =IF(A38="",G37,A38) -> 1 | H38: =IF(B38="",H37,B38) -> NON-HS | I38: =C38 -> 4 | J38: =CONCATENATE(G38,H38,I38) -> 1NON-HS4 | K38: =F38 -> 0.1
C39: 6 | D39: 2 | E39: 0.0234375 | F39: 0 | G39: =IF(A39="",G38,A39) -> 1 | H39: =IF(B39="",H38,B39) -> NON-HS | I39: =C39 -> 6 | J39: =CONCATENATE(G39,H39,I39) -> 1NON-HS6 | K39: =F39 -> 0
A40: 2 | B40: CVCTE | C40: 2 | D40: 28 | E40: 0.17910448 | F40: 0.36363636 | G40: =IF(A40="",G39,A40) -> 2 | H40: =IF(B40="",H39,B40) -> CVCTE | I40: =C40 -> 2 | J40: =CONCATENATE(G40,H40,I40) -> 2CVCTE2 | K40: =F40 -> 0.36363636
B41: FAMILY | C41: 2 | D41: 1 | E41: 1 | F41: 0 | G41: =IF(A41="",G40,A41) -> 2 | H41: =IF(B41="",H40,B41) -> FAMILY | I41: =C41 -> 2 | J41: =CONCATENATE(G41,H41,I41) -> 2FAMILY2 | K41: =F41 -> 0
B42: INDIV | C42: 2 | D42: 11 | E42: 0.048387097 | F42: 0.18181818 | G42: =IF(A42="",G41,A42) -> 2 | H42: =IF(B42="",H41,B42) -> INDIV | I42: =C42 -> 2 | J42: =CONCATENATE(G42,H42,I42) -> 2INDIV2 | K42: =F42 -> 0.18181818
B43: NON-HS | C43: 2 | D43: 28 | E43: 0.022140221 | F43: 0.074074074 | G43: =IF(A43="",G42,A43) -> 2 | H43: =IF(B43="",H42,B43) -> NON-HS | I43: =C43 -> 2 | J43: =CONCATENATE(G43,H43,I43) -> 2NON-HS2 | K43: =F43 -> 0.074074074
A44: 3 | B44: CVCTE | C44: 2 | D44: 18 | E44: 0.17910448 | F44: 0.76470588 | G44: =IF(A44="",G43,A44) -> 3 | H44: =IF(B44="",H43,B44) -> CVCTE | I44: =C44 -> 2 | J44: =CONCATENATE(G44,H44,I44) -> 3CVCTE2 | K44: =F44 -> 0.76470588
B45: FAMILY | C45: 2 | D45: 1 | E45: 1 | F45: 0 | G45: =IF(A45="",G44,A45) -> 3 | H45: =IF(B45="",H44,B45) -> FAMILY | I45: =C45 -> 2 | J45: =CONCATENATE(G45,H45,I45) -> 3FAMILY2 | K45: =F45 -> 0
B46: INDIV | C46: 2 | D46: 6 | E46: 0.048387097 | F46: 0.2 | G46: =IF(A46="",G45,A46) -> 3 | H46: =IF(B46="",H45,B46) -> INDIV | I46: =C46 -> 2 | J46: =CONCATENATE(G46,H46,I46) -> 3INDIV2 | K46: =F46 -> 0.2
B47: NON-HS | C47: 2 | D47: 35 | E47: 0.022140221 | F47: 0.25714286 | G47: =IF(A47="",G46,A47) -> 3 | H47: =IF(B47="",H46,B47) -> NON-HS | I47: =C47 -> 2 | J47: =CONCATENATE(G47,H47,I47) -> 3NON-HS2 | K47: =F47 -> 0.25714286
A48: 4 | B48: CVCTE | C48: 2 | D48: 3 | E48: 0.17910448 | F48: 0.6 | G48: =IF(A48="",G47,A48) -> 4 | H48: =IF(B48="",H47,B48) -> CVCTE | I48: =C48 -> 2 | J48: =CONCATENATE(G48,H48,I48) -> 4CVCTE2 | K48: =F48 -> 0.6
C49: 4 | D49: 3 | E49: 0.16438356 | F49: 0.6 | G49: =IF(A49="",G48,A49) -> 4 | H49: =IF(B49="",H48,B49) -> CVCTE | I49: =C49 -> 4 | J49: =CONCATENATE(G49,H49,I49) -> 4CVCTE4 | K49: =F49 -> 0.6
C50: 11 | D50: 2 | E50: 0.46666667 | F50: 0 | G50: =IF(A50="",G49,A50) -> 4 | H50: =IF(B50="",H49,B50) -> CVCTE | I50: =C50 -> 11 | J50: =CONCATENATE(G50,H50,I50) -> 4CVCTE11 | K50: =F50 -> 0
B51: FAMILY | C51: 4 | D51: 1 | E51: 1 | F51: 0 | G51: =IF(A51="",G50,A51) -> 4 | H51: =IF(B51="",H50,B51) -> FAMILY | I51: =C51 -> 4 | J51: =CONCATENATE(G51,H51,I51) -> 4FAMILY4 | K51: =F51 -> 0
B52: INDIV | C52: 2 | D52: 6 | E52: 0.048387097 | F52: 0.14285714 | G52: =IF(A52="",G51,A52) -> 4 | H52: =IF(B52="",H51,B52) -> INDIV | I52: =C52 -> 2 | J52: =CONCATENATE(G52,H52,I52) -> 4INDIV2 | K52: =F52 -> 0.14285714
C53: 4 | D53: 9 | E53: 0.085106383 | F53: 0.14285714 | G53: =IF(A53="",G52,A53) -> 4 | H53: =IF(B53="",H52,B53) -> INDIV | I53: =C53 -> 4 | J53: =CONCATENATE(G53,H53,I53) -> 4INDIV4 | K53: =F53 -> 0.14285714
C54: 11 | D54: 1 | E54: 0.2 | F54: 0 | G54: =IF(A54="",G53,A54) -> 4 | H54: =IF(B54="",H53,B54) -> INDIV | I54: =C54 -> 11 | J54: =CONCATENATE(G54,H54,I54) -> 4INDIV11 | K54: =F54 -> 0
B55: NON-HS | C55: 2 | D55: 14 | E55: 0.022140221 | F55: 0.093023256 | G55: =IF(A55="",G54,A55) -> 4 | H55: =IF(B55="",H54,B55) -> NON-HS | I55: =C55 -> 2 | J55: =CONCATENATE(G55,H55,I55) -> 4NON-HS2 | K55: =F55 -> 0.093023256
C56: 4 | D56: 26 | E56: 0.026315789 | F56: 0.093023256 | G56: =IF(A56="",G55,A56) -> 4 | H56: =IF(B56="",H55,B56) -> NON-HS | I56: =C56 -> 4 | J56: =CONCATENATE(G56,H56,I56) -> 4NON-HS4 | K56: =F56 -> 0.093023256
C57: 5 | D57: 1 | E57: 0.032258065 | F57: 0 | G57: =IF(A57="",G56,A57) -> 4 | H57: =IF(B57="",H56,B57) -> NON-HS | I57: =C57 -> 5 | J57: =CONCATENATE(G57,H57,I57) -> 4NON-HS5 | K57: =F57 -> 0
C58: 11 | D58: 3 | E58: 0.076923077 | F58: 0.093023256 | G58: =IF(A58="",G57,A58) -> 4 | H58: =IF(B58="",H57,B58) -> NON-HS | I58: =C58 -> 11 | J58: =CONCATENATE(G58,H58,I58) -> 4NON-HS11 | K58: =F58 -> 0.093023256
A59: 5 | B59: CVCTE | C59: 4 | D59: 2 | E59: 0.16438356 | F59: 0.5 | G59: =IF(A59="",G58,A59) -> 5 | H59: =IF(B59="",H58,B59) -> CVCTE | I59: =C59 -> 4 | J59: =CONCATENATE(G59,H59,I59) -> 5CVCTE4 | K59: =F59 -> 0.5
C60: 5 | D60: 7 | E60: 0.35 | F60: 0 | G60: =IF(A60="",G59,A60) -> 5 | H60: =IF(B60="",H59,B60) -> CVCTE | I60: =C60 -> 5 | J60: =CONCATENATE(G60,H60,I60) -> 5CVCTE5 | K60: =F60 -> 0
B61: INDIV | C61: 2 | D61: 1 | E61: 0.048387097 | F61: 0 | G61: =IF(A61="",G60,A61) -> 5 | H61: =IF(B61="",H60,B61) -> INDIV | I61: =C61 -> 2 | J61: =CONCATENATE(G61,H61,I61) -> 5INDIV2 | K61: =F61 -> 0
C62: 4 | D62: 4 | E62: 0.085106383 | F62: 0.16666667 | G62: =IF(A62="",G61,A62) -> 5 | H62: =IF(B62="",H61,B62) -> INDIV | I62: =C62 -> 4 | J62: =CONCATENATE(G62,H62,I62) -> 5INDIV4 | K62: =F62 -> 0.16666667
C63: 5 | D63: 4 | E63: 0.076923077 | F63: 0.16666667 | G63: =IF(A63="",G62,A63) -> 5 | H63: =IF(B63="",H62,B63) -> INDIV | I63: =C63 -> 5 | J63: =CONCATENATE(G63,H63,I63) -> 5INDIV5 | K63: =F63 -> 0.16666667
B64: NON-HS | C64: 2 | D64: 10 | E64: 0.022140221 | F64: 0.058823529 | G64: =IF(A64="",G63,A64) -> 5 | H64: =IF(B64="",H63,B64) -> NON-HS | I64: =C64 -> 2 | J64: =CONCATENATE(G64,H64,I64) -> 5NON-HS2 | K64: =F64 -> 0.058823529
C65: 4 | D65: 10 | E65: 0.026315789 | F65: 0.058823529 | G65: =IF(A65="",G64,A65) -> 5 | H65: =IF(B65="",H64,B65) -> NON-HS | I65: =C65 -> 4 | J65: =CONCATENATE(G65,H65,I65) -> 5NON-HS4 | K65: =F65 -> 0.058823529
C66: 5 | D66: 31 | E66: 0.032258065 | F66: 0.058823529 | G66: =IF(A66="",G65,A66) -> 5 | H66: =IF(B66="",H65,B66) -> NON-HS | I66: =C66 -> 5 | J66: =CONCATENATE(G66,H66,I66) -> 5NON-HS5 | K66: =F66 -> 0.058823529
A67: 6 | B67: CVCTE | C67: 2 | D67: 29 | E67: 0.17910448 | F67: 0.33333333 | G67: =IF(A67="",G66,A67) -> 6 | H67: =IF(B67="",H66,B67) -> CVCTE | I67: =C67 -> 2 | J67: =CONCATENATE(G67,H67,I67) -> 6CVCTE2 | K67: =F67 -> 0.33333333
B68: FAMILY | C68: 2 | D68: 3 | E68: 1 | F68: 0 | G68: =IF(A68="",G67,A68) -> 6 | H68: =IF(B68="",H67,B68) -> FAMILY | I68: =C68 -> 2 | J68: =CONCATENATE(G68,H68,I68) -> 6FAMILY2 | K68: =F68 -> 0
B69: INDIV | C69: 2 | D69: 8 | E69: 0.048387097 | F69: 0 | G69: =IF(A69="",G68,A69) -> 6 | H69: =IF(B69="",H68,B69) -> INDIV | I69: =C69 -> 2 | J69: =CONCATENATE(G69,H69,I69) -> 6INDIV2 | K69: =F69 -> 0
B70: NON-HS | C70: 2 | D70: 26 | E70: 0.022140221 | F70: 0 | G70: =IF(A70="",G69,A70) -> 6 | H70: =IF(B70="",H69,B70) -> NON-HS | I70: =C70 -> 2 | J70: =CONCATENATE(G70,H70,I70) -> 6NON-HS2 | K70: =F70 -> 0
A71: 7 | B71: CVCTE | C71: 2 | D71: 28 | E71: 0.17910448 | F71: 0.40909091 | G71: =IF(A71="",G70,A71) -> 7 | H71: =IF(B71="",H70,B71) -> CVCTE | I71: =C71 -> 2 | J71: =CONCATENATE(G71,H71,I71) -> 7CVCTE2 | K71: =F71 -> 0.40909091
B72: FAMILY | C72: 2 | D72: 2 | E72: 1 | F72: 0 | G72: =IF(A72="",G71,A72) -> 7 | H72: =IF(B72="",H71,B72) -> FAMILY | I72: =C72 -> 2 | J72: =CONCATENATE(G72,H72,I72) -> 7FAMILY2 | K72: =F72 -> 0
B73: INDIV | C73: 2 | D73: 9 | E73: 0.048387097 | F73: 0.22222222 | G73: =IF(A73="",G72,A73) -> 7 | H73: =IF(B73="",H72,B73) -> INDIV | I73: =C73 -> 2 | J73: =CONCATENATE(G73,H73,I73) -> 7INDIV2 | K73: =F73 -> 0.22222222
B74: NON-HS | C74: 2 | D74: 26 | E74: 0.022140221 | F74: 0.04 | G74: =IF(A74="",G73,A74) -> 7 | H74: =IF(B74="",H73,B74) -> NON-HS | I74: =C74 -> 2 | J74: =CONCATENATE(G74,H74,I74) -> 7NON-HS2 | K74: =F74 -> 0.04
A75: 8 | B75: CVCTE | C75: 6 | D75: 13 | E75: 0.16393443 | F75: 0.5 | G75: =IF(A75="",G74,A75) -> 8 | H75: =IF(B75="",H74,B75) -> CVCTE | I75: =C75 -> 6 | J75: =CONCATENATE(G75,H75,I75) -> 8CVCTE6 | K75: =F75 -> 0.5
B76: FAMILY | C76: 6 | D76: 2 | E76: 1 | F76: 0 | G76: =IF(A76="",G75,A76) -> 8 | H76: =IF(B76="",H75,B76) -> FAMILY | I76: =C76 -> 6 | J76: =CONCATENATE(G76,H76,I76) -> 8FAMILY6 | K76: =F76 -> 0
B77: INDIV | C77: 6 | D77: 6 | E77: 0.032258065 | F77: 0.16666667 | G77: =IF(A77="",G76,A77) -> 8 | H77: =IF(B77="",H76,B77) -> INDIV | I77: =C77 -> 6 | J77: =CONCATENATE(G77,H77,I77) -> 8INDIV6 | K77: =F77 -> 0.16666667
B78: NON-HS | C78: 6 | D78: 34 | E78: 0.0234375 | F78: 0.15151515 | G78: =IF(A78="",G77,A78) -> 8 | H78: =IF(B78="",H77,B78) -> NON-HS | I78: =C78 -> 6 | J78: =CONCATENATE(G78,H78,I78) -> 8NON-HS6 | K78: =F78 -> 0.15151515
A79: 9 | B79: CVCTE | C79: 4 | D79: 2 | E79: 0.16438356 | F79: 0 | G79: =IF(A79="",G78,A79) -> 9 | H79: =IF(B79="",H78,B79) -> CVCTE | I79: =C79 -> 4 | J79: =CONCATENATE(G79,H79,I79) -> 9CVCTE4 | K79: =F79 -> 0
C80: 6 | D80: 24 | E80: 0.16393443 | F80: 0.14285714 | G80: =IF(A80="",G79,A80) -> 9 | H80: =IF(B80="",H79,B80) -> CVCTE | I80: =C80 -> 6 | J80: =CONCATENATE(G80,H80,I80) -> 9CVCTE6 | K80: =F80 -> 0.14285714
B81: FAMILY | C81: 6 | D81: 2 | E81: 1 | F81: 0 | G81: =IF(A81="",G80,A81) -> 9 | H81: =IF(B81="",H80,B81) -> FAMILY | I81: =C81 -> 6 | J81: =CONCATENATE(G81,H81,I81) -> 9FAMILY6 | K81: =F81 -> 0
B82: INDIV | C82: 6 | D82: 11 | E82: 0.032258065 | F82: 0 | G82: =IF(A82="",G81,A82) -> 9 | H82: =IF(B82="",H81,B82) -> INDIV | I82: =C82 -> 6 | J82: =CONCATENATE(G82,H82,I82) -> 9INDIV6 | K82: =F82 -> 0
B83: NON-HS | C83: 6 | D83: 23 | E83: 0.0234375 | F83: 0 | G83: =IF(A83="",G82,A83) -> 9 | H83: =IF(B83="",H82,B83) -> NON-HS | I83: =C83 -> 6 | J83: =CONCATENATE(G83,H83,I83) -> 9NON-HS6 | K83: =F83 -> 0
A84: 10 | B84: CVCTE | C84: 4 | D84: 10 | E84: 0.16438356 | F84: 0.083333333 | G84: =IF(A84="",G83,A84) -> 10 | H84: =IF(B84="",H83,B84) -> CVCTE | I84: =C84 -> 4 | J84: =CONCATENATE(G84,H84,I84) -> 10CVCTE4 | K84: =F84 -> 0.083333333
C85: 5 | D85: 1 | E85: 0.35 | F85: 0 | G85: =IF(A85="",G84,A85) -> 10 | H85: =IF(B85="",H84,B85) -> CVCTE | I85: =C85 -> 5 | J85: =CONCATENATE(G85,H85,I85) -> 10CVCTE5 | K85: =F85 -> 0
C86: 6 | D86: 7 | E86: 0.16393443 | F86: 0.083333333 | G86: =IF(A86="",G85,A86) -> 10 | H86: =IF(B86="",H85,B86) -> CVCTE | I86: =C86 -> 6 | J86: =CONCATENATE(G86,H86,I86) -> 10CVCTE6 | K86: =F86 -> 0.083333333
B87: FAMILY | C87: 4 | D87: 1 | E87: 1 | F87: 0 | G87: =IF(A87="",G86,A87) -> 10 | H87: =IF(B87="",H86,B87) -> FAMILY | I87: =C87 -> 4 | J87: =CONCATENATE(G87,H87,I87) -> 10FAMILY4 | K87: =F87 -> 0
C88: 6 | D88: 3 | E88: 1 | F88: 0 | G88: =IF(A88="",G87,A88) -> 10 | H88: =IF(B88="",H87,B88) -> FAMILY | I88: =C88 -> 6 | J88: =CONCATENATE(G88,H88,I88) -> 10FAMILY6 | K88: =F88 -> 0
B89: INDIV | C89: 4 | D89: 2 | E89: 0.085106383 | F89: 0.25 | G89: =IF(A89="",G88,A89) -> 10 | H89: =IF(B89="",H88,B89) -> INDIV | I89: =C89 -> 4 | J89: =CONCATENATE(G89,H89,I89) -> 10INDIV4 | K89: =F89 -> 0.25
C90: 6 | D90: 2 | E90: 0.032258065 | F90: 0.25 | G90: =IF(A90="",G89,A90) -> 10 | H90: =IF(B90="",H89,B90) -> INDIV | I90: =C90 -> 6 | J90: =CONCATENATE(G90,H90,I90) -> 10INDIV6 | K90: =F90 -> 0.25
B91: NON-HS | C91: 4 | D91: 26 | E91: 0.026315789 | F91: 0.090909091 | G91: =IF(A91="",G90,A91) -> 10 | H91: =IF(B91="",H90,B91) -> NON-HS | I91: =C91 -> 4 | J91: =CONCATENATE(G91,H91,I91) -> 10NON-HS4 | K91: =F91 -> 0.090909091
C92: 5 | D92: 3 | E92: 0.032258065 | F92: 0.090909091 | G92: =IF(A92="",G91,A92) -> 10 | H92: =IF(B92="",H91,B92) -> NON-HS | I92: =C92 -> 5 | J92: =CONCATENATE(G92,H92,I92) -> 10NON-HS5 | K92: =F92 -> 0.090909091
C93: 6 | D93: 16 | E93: 0.0234375 | F93: 0.090909091 | G93: =IF(A93="",G92,A93) -> 10 | H93: =IF(B93="",H92,B93) -> NON-HS | I93: =C93 -> 6 | J93: =CONCATENATE(G93,H93,I93) -> 10NON-HS6 | K93: =F93 -> 0.090909091
A94: 11 | B94: CVCTE | C94: 5 | D94: 22 | E94: 0.35 | F94: 0.41176471 | G94: =IF(A94="",G93,A94) -> 11 | H94: =IF(B94="",H93,B94) -> CVCTE | I94: =C94 -> 5 | J94: =CONCATENATE(G94,H94,I94) -> 11CVCTE5 | K94: =F94 -> 0.41176471
B95: FAMILY | C95: 5 | D95: 2 | E95: 1 | F95: 0 | G95: =IF(A95="",G94,A95) -> 11 | H95: =IF(B95="",H94,B95) -> FAMILY | I95: =C95 -> 5 | J95: =CONCATENATE(G95,H95,I95) -> 11FAMILY5 | K95: =F95 -> 0
B96: INDIV | C96: 5 | D96: 2 | E96: 0.076923077 | F96: 0.5 | G96: =IF(A96="",G95,A96) -> 11 | H96: =IF(B96="",H95,B96) -> INDIV | I96: =C96 -> 5 | J96: =CONCATENATE(G96,H96,I96) -> 11INDIV5 | K96: =F96 -> 0.5
B97: NON-HS | C97: 5 | D97: 35 | E97: 0.032258065 | F97: 0 | G97: =IF(A97="",G96,A97) -> 11 | H97: =IF(B97="",H96,B97) -> NON-HS | I97: =C97 -> 5 | J97: =CONCATENATE(G97,H97,I97) -> 11NON-HS5 | K97: =F97 -> 0
B98: VENICE | C98: 10 | D98: 11 | E98: 1 | F98: 0 | G98: =IF(A98="",G97,A98) -> 11 | H98: =IF(B98="",H97,B98) -> VENICE | I98: =C98 -> 10 | J98: =CONCATENATE(G98,H98,I98) -> 11VENICE10 | K98: =F98 -> 0
A99: 12 | B99: CVCTE | C99: 2 | D99: 14 | E99: 0.17910448 | F99: 1 | G99: =IF(A99="",G98,A99) -> 12 | H99: =IF(B99="",H98,B99) -> CVCTE | I99: =C99 -> 2 | J99: =CONCATENATE(G99,H99,I99) -> 12CVCTE2 | K99: =F99 -> 1
B100: FAMILY | C100: 2 | D100: 1 | E100: 1 | F100: 0 | G100: =IF(A100="",G99,A100) -> 12 | H100: =IF(B100="",H99,B100) -> FAMILY | I100: =C100 -> 2 | J100: =CONCATENATE(G100,H100,I100) -> 12FAMILY2 | K100: =F100 -> 0
B101: INDIV | C101: 2 | D101: 4 | E101: 0.048387097 | F101: 0.25 | G101: =IF(A101="",G100,A101) -> 12 | H101: =IF(B101="",H100,B101) -> INDIV | I101: =C101 -> 2 | J101: =CONCATENATE(G101,H101,I101) -> 12INDIV2 | K101: =F101 -> 0.25
B102: NON-HS | C102: 2 | D102: 49 | E102: 0.022140221 | F102: 0.30612245 | G102: =IF(A102="",G101,A102) -> 12 | H102: =IF(B102="",H101,B102) -> NON-HS | I102: =C102 -> 2 | J102: =CONCATENATE(G102,H102,I102) -> 12NON-HS2 | K102: =F102 -> 0.30612245
...

Sheet Sheet2
A3: Row Labels | B3: Count of Tract | C3: Sum of SamplingWeight_CD
A4: 0 | B4: 1156 | C4: 1225.6048
A5: CVCTE | B5: 304 | C5: 319.9381
A6: FAMILY | B6: 27 | C6: 27
A7: INDIV | B7: 195 | C7: 180.66667
A8: NON-HS | B8: 630 | C8: 698
A9: 1 | B9: 70 | C9: 67.890336
A10: CVCTE | B10: 25 | C10: 28.885017
A11: FAMILY | B11: 3 | C11: 3
A12: INDIV | B12: 10 | C12: 11.75
A13: NON-HS | B13: 32 | C13: 24.255319
A14: 2 | B14: 68 | C14: 126.59718
A15: CVCTE | B15: 28 | C15: 50.25
A16: FAMILY | B16: 1 | C16: 1
A17: INDIV | B17: 11 | C17: 9.0331126
A18: NON-HS | B18: 28 | C18: 66.314066
A19: 3 | B19: 60 | C19: 80.447221
A20: CVCTE | B20: 18 | C20: 21.695412
A21: FAMILY | B21: 1 | C21: 1
A22: INDIV | B22: 6 | C22: 24.855856
A23: NON-HS | B23: 35 | C23: 32.895954
A24: 4 | B24: 69 | C24: 72.942062
A25: CVCTE | B25: 8 | C25: 14.835714
A26: FAMILY | B26: 1 | C26: 1
A27: INDIV | B27: 16 | C27: 22.6
A28: NON-HS | B28: 44 | C28: 34.506348
A29: 5 | B29: 69 | C29: 79.47519
A30: CVCTE | B30: 9 | C30: 16.003361
A31: INDIV | B31: 9 | C31: 29.083333
A32: NON-HS | B32: 51 | C32: 34.388495
A33: 6 | B33: 66 | C33: 159.587
A34: CVCTE | B34: 29 | C34: 45.586996
A35: FAMILY | B35: 3 | C35: 3
A36: INDIV | B36: 8 | C36: 20.666667
A37: NON-HS | B37: 26 | C37: 90.333333
A38: 7 | B38: 65 | C38: 122.16678
A39: CVCTE | B39: 28 | C39: 50.978261
A40: FAMILY | B40: 2 | C40: 2
A41: INDIV | B41: 9 | C41: 7.6965517
A42: NON-HS | B42: 26 | C42: 61.491968
A43: 8 | B43: 55 | C43: 95.414463
A44: CVCTE | B44: 13 | C44: 16.409859
A45: FAMILY | B45: 2 | C45: 2
A46: INDIV | B46: 6 | C46: 5.1666667
A47: NON-HS | B47: 34 | C47: 71.837937
A48: 9 | B48: 62 | C48: 110.63678
A49: CVCTE | B49: 26 | C49: 34.97011
A50: FAMILY | B50: 2 | C50: 2
A51: INDIV | B51: 11 | C51: 31
A52: NON-HS | B52: 23 | C52: 42.666667
A53: 10 | B53: 71 | C53: 118.20926
A54: CVCTE | B54: 18 | C54: 37.580314
A55: FAMILY | B55: 4 | C55: 4
A56: INDIV | B56: 4 | C56: 3.1864407
A57: NON-HS | B57: 45 | C57: 73.442511
A58: 11 | B58: 72 | C58: 102.47619
A59: CVCTE | B59: 22 | C59: 25.619048
A60: FAMILY | B60: 2 | C60: 2
A61: INDIV | B61: 2 | C61: 1.8571429
A62: NON-HS | B62: 35 | C62: 62
A63: VENICE | B63: 11 | C63: 11
A64: 12 | B64: 68 | C64: 65.151426
A65: CVCTE | B65: 14 | C65: 14
A66: FAMILY | B66: 1 | C66: 1
A67: INDIV | B67: 4 | C67: 3.4929577
A68: NON-HS | B68: 49 | C68: 46.658468
A69: 13 | B69: 73 | C69: 81.445849
A70: CVCTE | B70: 28 | C70: 31.279182
A71: FAMILY | B71: 3 | C71: 3
A72: INDIV | B72: 10 | C72: 16.75
A73: NON-HS | B73: 32 | C73: 30.416667
A74: 14 | B74: 70 | C74: 138.88299
A75: CVCTE | B75: 16 | C75: 28.542842
A76: FAMILY | B76: 3 | C76: 3
A77: INDIV | B77: 10 | C77: 8.8679245
A78: NON-HS | B78: 37 | C78: 94.472222
A79: SKIDROW | B79: 4 | C79: 4
A80: 15 | B80: 66 | C80: 62.277289
A81: CVCTE | B81: 32 | C81: 44.748718
A82: FAMILY | B82: 1 | C82: 1
A83: INDIV | B83: 7 | C83: 3.9285714
A84: NON-HS | B84: 26 | C84: 12.6
A85: Grand Total | B85: 2160 | C85: 2709.2048

Sheet Data
A1: =[1]Data!A1 -> Tract | B1: =[1]Data!B1 -> SPA | C1: =[1]Data!C1 -> CD | D1: =[1]Data!D1 -> SD | E1: =[1]Data!E1 -> nstrata | F1: =[1]Data!F1 -> Community_Name | G1: =[1]Data!G1 -> selected_spa | H1: =[1]Data!H1 -> selected_cd | ... S1: =[1]Data!S1 -> SamplingWeight_addCD | T1: Selection Prob_CD | U1: SamplingWeight_CD | Y1: Selection Prob_CD
A2: =[1]Data!A2 -> 900806 | B2: =[1]Data!B2 -> 1 | C2: =[1]Data!C2 -> 0 | D2: =[1]Data!D2 -> 5 | E2: =[1]Data!E2 -> CVCTE | F2: =[1]Data!F2 -> Lancaster | G2: =[1]Data!G2 -> 1 | H2: =[1]Data!H2 -> 1 | ... S2: =[1]Data!S2 -> 0 | T2: =N2+Y2*(1-N2) -> 0.55 | U2: =IF(T2="",0,1/T2*H2) -> 1.8181818 | V2: =TEXT(C2,"0") -> 0 | W2: =TEXT(B2,"0") -> 1 | X2: =CONCATENATE(V2,E2,W2) -> 0CVCTE1 | Y2: =VLOOKUP(X2,Sheet1!$J$5:$K$121,2,FALSE) -> 0
A3: =[1]Data!A3 -> 900300 | B3: =[1]Data!B3 -> 1 | C3: =[1]Data!C3 -> 0 | D3: =[1]Data!D3 -> 5 | E3: =[1]Data!E3 -> CVCTE | F3: =[1]Data!F3 -> Unincorporated Antelope Valley | G3: =[1]Data!G3 -> 1 | H3: =[1]Data!H3 -> 1 | ... S3: =[1]Data!S3 -> 0 | T3: =N3+Y3*(1-N3) -> 0.55 | U3: =IF(T3="",0,1/T3*H3) -> 1.8181818 | V3: =TEXT(C3,"0") -> 0 | W3: =TEXT(B3,"0") -> 1 | X3: =CONCATENATE(V3,E3,W3) -> 0CVCTE1 | Y3: =VLOOKUP(X3,Sheet1!$J$5:$K$121,2,FALSE) -> 0
A4: =[1]Data!A4 -> 900103 | B4: =[1]Data!B4 -> 1 | C4: =[1]Data!C4 -> 0 | D4: =[1]Data!D4 -> 5 | E4: =[1]Data!E4 -> CVCTE | F4: =[1]Data!F4 -> Unincorporated Antelope Valley | G4: =[1]Data!G4 -> 1 | H4: =[1]Data!H4 -> 1 | ... S4: =[1]Data!S4 -> 0 | T4: =N4+Y4*(1-N4) -> 0.55 | U4: =IF(T4="",0,1/T4*H4) -> 1.8181818 | V4: =TEXT(C4,"0") -> 0 | W4: =TEXT(B4,"0") -> 1 | X4: =CONCATENATE(V4,E4,W4) -> 0CVCTE1 | Y4: =VLOOKUP(X4,Sheet1!$J$5:$K$121,2,FALSE) -> 0
A5: =[1]Data!A5 -> 910401 | B5: =[1]Data!B5 -> 1 | C5: =[1]Data!C5 -> 0 | D5: =[1]Data!D5 -> 5 | E5: =[1]Data!E5 -> CVCTE | F5: =[1]Data!F5 -> Palmdale | G5: =[1]Data!G5 -> 0 | H5: =[1]Data!H5 -> 0 | ... S5: =[1]Data!S5 -> 0 | T5: =N5+Y5*(1-N5) -> 0.55 | U5: =IF(T5="",0,1/T5*H5) -> 0 | V5: =TEXT(C5,"0") -> 0 | W5: =TEXT(B5,"0") -> 1 | X5: =CONCATENATE(V5,E5,W5) -> 0CVCTE1 | Y5: =VLOOKUP(X5,Sheet1!$J$5:$K$121,2,FALSE) -> 0
A6: =[1]Data!A6 -> 900900 | B6: =[1]Data!B6 -> 1 | C6: =[1]Data!C6 -> 0 | D6: =[1]Data!D6 -> 5 | E6: =[1]Data!E6 -> CVCTE | F6: =[1]Data!F6 -> Unincorporated Antelope Valley | G6: =[1]Data!G6 -> 1 | H6: =[1]Data!H6 -> 1 | ... S6: =[1]Data!S6 -> 0 | T6: =N6+Y6*(1-N6) -> 0.55 | U6: =IF(T6="",0,1/T6*H6) -> 1.8181818 | V6: =TEXT(C6,"0") -> 0 | W6: =TEXT(B6,"0") -> 1 | X6: =CONCATENATE(V6,E6,W6) -> 0CVCTE1 | Y6: =VLOOKUP(X6,Sheet1!$J$5:$K$121,2,FALSE) -> 0
A7: =[1]Data!A7 -> 900609 | B7: =[1]Data!B7 -> 1 | C7: =[1]Data!C7 -> 0 | D7: =[1]Data!D7 -> 5 | E7: =[1]Data!E7 -> CVCTE | F7: =[1]Data!F7 -> Lancaster | G7: =[1]Data!G7 -> 1 | H7: =[1]Data!H7 -> 1 | ... S7: =[1]Data!S7 -> 0 | T7: =N7+Y7*(1-N7) -> 0.55 | U7: =IF(T7="",0,1/T7*H7) -> 1.8181818 | V7: =TEXT(C7,"0") -> 0 | W7: =TEXT(B7,"0") -> 1 | X7: =CONCATENATE(V7,E7,W7) -> 0CVCTE1 | Y7: =VLOOKUP(X7,Sheet1!$J$5:$K$121,2,FALSE) -> 0
A8: =[1]Data!A8 -> 901209 | B8: =[1]Data!B8 -> 1 | C8: =[1]Data!C8 -> 0 | D8: =[1]Data!D8 -> 5 | E8: =[1]Data!E8 -> CVCTE | F8: =[1]Data!F8 -> Unincorporated Antelope Valley | G8: =[1]Data!G8 -> 0 | H8: =[1]Data!H8 -> 0 | ... S8: =[1]Data!S8 -> 0 | T8: =N8+Y8*(1-N8) -> 0.55 | U8: =IF(T8="",0,1/T8*H8) -> 0 | V8: =TEXT(C8,"0") -> 0 | W8: =TEXT(B8,"0") -> 1 | X8: =CONCATENATE(V8,E8,W8) -> 0CVCTE1 | Y8: =VLOOKUP(X8,Sheet1!$J$5:$K$121,2,FALSE) -> 0
A9: =[1]Data!A9 -> 900607 | B9: =[1]Data!B9 -> 1 | C9: =[1]Data!C9 -> 0 | D9: =[1]Data!D9 -> 5 | E9: =[1]Data!E9 -> CVCTE | F9: =[1]Data!F9 -> Lancaster | G9: =[1]Data!G9 -> 0 | H9: =[1]Data!H9 -> 0 | ... S9: =[1]Data!S9 -> 0 | T9: =N9+Y9*(1-N9) -> 0.55 | U9: =IF(T9="",0,1/T9*H9) -> 0 | V9: =TEXT(C9,"0") -> 0 | W9: =TEXT(B9,"0") -> 1 | X9: =CONCATENATE(V9,E9,W9) -> 0CVCTE1 | Y9: =VLOOKUP(X9,Sheet1!$J$5:$K$121,2,FALSE) -> 0
A10: =[1]Data!A10 -> 910403 | B10: =[1]Data!B10 -> 1 | C10: =[1]Data!C10 -> 0 | D10: =[1]Data!D10 -> 5 | E10: =[1]Data!E10 -> CVCTE | F10: =[1]Data!F10 -> Palmdale | G10: =[1]Data!G10 -> 1 | H10: =[1]Data!H10 -> 1 | ... S10: =[1]Data!S10 -> 0 | T10: =N10+Y10*(1-N10) -> 0.55 | U10: =IF(T10="",0,1/T10*H10) -> 1.8181818 | V10: =TEXT(C10,"0") -> 0 | W10: =TEXT(B10,"0") -> 1 | X10: =CONCATENATE(V10,E10,W10) -> 0CVCTE1 | Y10: =VLOOKUP(X10,Sheet1!$J$5:$K$121,2,FALSE) -> 0
A11: =[1]Data!A11 -> 900602 | B11: =[1]Data!B11 -> 1 | C11: =[1]Data!C11 -> 0 | D11: =[1]Data!D11 -> 5 | E11: =[1]Data!E11 -> CVCTE | F11: =[1]Data!F11 -> Lancaster | G11: =[1]Data!G11 -> 1 | H11: =[1]Data!H11 -> 1 | ... S11: =[1]Data!S11 -> 0 | T11: =N11+Y11*(1-N11) -> 0.55 | U11: =IF(T11="",0,1/T11*H11) -> 1.8181818 | V11: =TEXT(C11,"0") -> 0 | W11: =TEXT(B11,"0") -> 1 | X11: =CONCATENATE(V11,E11,W11) -> 0CVCTE1 | Y11: =VLOOKUP(X11,Sheet1!$J$5:$K$121,2,FALSE) -> 0
A12: =[1]Data!A12 -> 910501 | B12: =[1]Data!B12 -> 1 | C12: =[1]Data!C12 -> 0 | D12: =[1]Data!D12 -> 5 | E12: =[1]Data!E12 -> CVCTE | F12: =[1]Data!F12 -> Palmdale | G12: =[1]Data!G12 -> 1 | H12: =[1]Data!H12 -> 1 | ... S12: =[1]Data!S12 -> 0 | T12: =N12+Y12*(1-N12) -> 0.55 | U12: =IF(T12="",0,1/T12*H12) -> 1.8181818 | V12: =TEXT(C12,"0") -> 0 | W12: =TEXT(B12,"0") -> 1 | X12: =CONCATENATE(V12,E12,W12) -> 0CVCTE1 | Y12: =VLOOKUP(X12,Sheet1!$J$5:$K$121,2,FALSE) -> 0
A13: =[1]Data!A13 -> 901008 | B13: =[1]Data!B13 -> 1 | C13: =[1]Data!C13 -> 0 | D13: =[1]Data!D13 -> 5 | E13: =[1]Data!E13 -> CVCTE | F13: =[1]Data!F13 -> Lancaster | G13: =[1]Data!G13 -> 1 | H13: =[1]Data!H13 -> 1 | ... S13: =[1]Data!S13 -> 0 | T13: =N13+Y13*(1-N13) -> 0.55 | U13: =IF(T13="",0,1/T13*H13) -> 1.8181818 | V13: =TEXT(C13,"0") -> 0 | W13: =TEXT(B13,"0") -> 1 | X13: =CONCATENATE(V13,E13,W13) -> 0CVCTE1 | Y13: =VLOOKUP(X13,Sheet1!$J$5:$K$121,2,FALSE) -> 0
... A2161: =[1]Data!A2161 -> 980031 | B2161: =[1]Data!B2161 -> 8 | C2161: =[1]Data!C2161 -> 15 | D2161: =[1]Data!D2161 -> 4 | E2161: =[1]Data!E2161 -> NON-HS | F2161: =[1]Data!F2161 -> Wilmington | G2161: =[1]Data!G2161 -> 0 | H2161: =[1]Data!H2161 -> 0 | ... S2161: =[1]Data!S2161 -> 0 | T2161: =N2161+Y2161*(1-N2161) -> 0.079365079 | U2161: =IF(T2161="",0,1/T2161*H2161) -> 0 | V2161: =TEXT(C2161,"0") -> 15 | W2161: =TEXT(B2161,"0") -> 8 | X2161: =CONCATENATE(V2161,E2161,W2161) -> 15NON-HS8 | Y2161: =VLOOKUP(X2161,Sheet1!$J$5:$K$121,2,FALSE) -> 0.047619048
G2163: =SUM(G2:G2161) -> 293 | H2163: =SUM(H2:H2161) -> 449 | I2163: =SUM(I2:I2161) -> 36648.337 | J2163: =SUM(J2:J2161) -> 25968.105 | K2163: =SUM(K2:K2161) -> 35555.105 | L2163: =SUM(L2:L2161) -> 1209.9227 | M2163: =SUM(M2:M2161) -> 36765.028 | N2163: =SUM(N2:N2161) -> 293 | O2163: =SUM(O2:O2161) -> 2160 | R2163: =SUM(R2:R2161) -> 156 | U2163: =SUM(U2:U2161) -> 2375.2093
R2164: =R2163+N2163 -> 449
